PRAGMA foreign_keys = ON;

-- Inserting data into users
INSERT INTO users(username, fullname, email, filename, password) VALUES ('haleyanthony', 'Natasha Turner', 'wperez@gmail.com', 'b2303f328152e1f26394aacd738c77673af6f4fb.jpg', 'sha512$5233427b7c245299bbbe8ee8bee28133e9165a95d324624254cadbabe9f96dd3e6d9ba6cb67f6191903bc4ce55af89e2ebc7e585539b32bf44741eaa7ad200c8');
INSERT INTO users(username, fullname, email, filename, password) VALUES ('amanda61', 'David Patrick', 'frances38@miller.net', '4f80d0e7216e25de24b742bf2dfa605183dc63d8.jpg', 'sha512$92882ce727d56fdf2297060f2a7d42d33b97d7a32fba41d802f78d6fbebbdad88e18bc9f042cdac0bf0520710d29bb2734c3392d69ea4fb12e1c948c097a37d9');
INSERT INTO users(username, fullname, email, filename, password) VALUES ('kristina61', 'Dr. David Ramos II', 'zharris@hotmail.com', 'af2e96612a5aa17c3bbda204ed5db7a44376b6ff.jpg', 'sha512$bc7a7d97c71289f693a61cef39c36e66e4effae00ee3f64c565ddd5948610d395b5e091fc92e062ad168a22da18f1de58eb0cd92c0d4e2c4d2f17b91e40d80d4');
INSERT INTO users(username, fullname, email, filename, password) VALUES ('cherylrojas', 'Steven Gibson', 'joycewilson@scott.net', 'a86a32328acd463d6c8ebecbf03d0a921c9c0a6f.jpg', 'sha512$59196ab30cb17d4ffeff55e54a232310260fbb608ebc7447c57fe39181c922f4377a9bba9ed95501633accf573242b56eae873a7c9cef619b91c5466b80c3a35');
INSERT INTO users(username, fullname, email, filename, password) VALUES ('mguerrero', 'Katherine Hendricks', 'justingregory@yahoo.com', '8c09bd2e211e6613bdbd407c815343430c3a2071.jpg', 'sha512$2021209e837c417492b85af13bfb64c037e1a523c85eead9f39dd2f29b7ba38dd2adb16837a551bc0bfb53bf534c76849b9750b1515951cb36c62235a0cf6b94');
INSERT INTO users(username, fullname, email, filename, password) VALUES ('baxtercarrie', 'Julia Griffin', 'hdunn@morrison.com', '94a07aa6c0d8924c01cef7b6840e8f1a75322575.jpg', 'sha512$147c7711e2acb36c56e98ba0f6ac730817fec1ac6c7129e897c7173dd62af4198e4105f935b3c2bd49d44f6f4847469b1fa804860320c8df73977677b8336a8f');
INSERT INTO users(username, fullname, email, filename, password) VALUES ('mariaroach', 'Sherri Bright', 'ehudson@acevedo.com', 'c9ec3b0a1aa3640ea29d1731efacc27e0556b79e.jpg', 'sha512$a6d91facfd7fdd8a58e6dfcdc4d78a17ffe4506a47f094bf109109b34bfaa583b66eec277244dfe76155be9a79ff2b02da33b09a9b6f1ac70627a74e47eeddee');
INSERT INTO users(username, fullname, email, filename, password) VALUES ('zmann', 'Steve Dunn', 'manderson@morris-hanna.biz', '8ce5cfa1baf742f1330bc76a747c6adeddebe8dc.jpg', 'sha512$82a6570ed4d1201deea583dbfb775e1e1a0c2853e78dcc259722f7ad2182e71012f8d508a23f71bf92e61ab3c420f84a9388ac0d989c62bd0cc9cdcffa3c13f7');
INSERT INTO users(username, fullname, email, filename, password) VALUES ('hernandezaustin', 'Patricia Thomas', 'ppierce@hotmail.com', 'c55ca12e28d37c681e180bd76b2b1f9a12c6b997.jpg', 'sha512$fa5721ac7c26f2070394421c89db78e3fff8b22461e468553b59439a56970c7b126df1efdd035454817a4cb08da04e41377e6b989e8acef2b4ea34f5b5a151d6');
INSERT INTO users(username, fullname, email, filename, password) VALUES ('ellenparrish', 'Jennifer Carr', 'jessica89@gmail.com', 'a19fb38619e8e1231f6a54fc219a98068389f912.jpg', 'sha512$758a8174b244cf6beaacd4d22b83c82ec4c9302e1e6231ed1a3ea120bef1834739e70b643ec14c53bea0754dc3ebc755e56d14f24e3eee84c1f34c19c6f5faef');
INSERT INTO users(username, fullname, email, filename, password) VALUES ('vstewart', 'Kenneth Soto', 'sacevedo@munoz.biz', '477bec13c76e2f1e447ca7406342d2f878056e0c.jpg', 'sha512$f3df3631e08c5a1958caac640910d9135e85d0d1a2bf7660c051543e0d496d6ecc2c610a66ae18069eadbe07790dbdce28f265d174cf8e83f921b9e5eea63a3d');
INSERT INTO users(username, fullname, email, filename, password) VALUES ('ogriffin', 'Eric Reyes', 'lawrencekathleen@lee.biz', 'fd3e10258c78b28d88f7bf703d3550cccb87e570.jpg', 'sha512$1e62758a4996b20d309d57d08bdbc06bc9380e0d65d18bd193a87a81198fc73bed2ebff95a6d861cb74326508c1689b282c43739c4bae0029f8cacf3eed4bdea');

-- Inserting data into posts
INSERT INTO posts(filename, owner) VALUES ('5ebae887a210f0b704da29cadb987d7eb426d69b.jpg', 'baxtercarrie');
INSERT INTO posts(filename, owner) VALUES ('b29c0b9b85fcb590d1d3874504d03eb8e3148d01.jpg', 'amanda61');
INSERT INTO posts(filename, owner) VALUES ('013c67c052998e135bf4b25de1e9c964e70e529b.jpg', 'vstewart');
INSERT INTO posts(filename, owner) VALUES ('2cf4a2580d9e1cec330dc1b85ce9925421ca2fcf.jpg', 'hernandezaustin');
INSERT INTO posts(filename, owner) VALUES ('d3fa54bca6a35d94ea7387a78fae794664a122b4.jpg', 'baxtercarrie');
INSERT INTO posts(filename, owner) VALUES ('c303cde2ed00efcd8a7a4fbc3638126b12536ac1.jpg', 'baxtercarrie');
INSERT INTO posts(filename, owner) VALUES ('af94e8cb8a2100e2f5a023d460df6b2ee5db62f2.jpg', 'mguerrero');
INSERT INTO posts(filename, owner) VALUES ('a4e338562f67cf59113f98be47d6eb20c60e93dc.jpg', 'baxtercarrie');
INSERT INTO posts(filename, owner) VALUES ('7af5ee41951a0be772b5ef27dc40d24a7850d669.jpg', 'zmann');
INSERT INTO posts(filename, owner) VALUES ('d4382b2875deb6e9f450d5cfa57892d7e51c88c8.jpg', 'hernandezaustin');
INSERT INTO posts(filename, owner) VALUES ('9715fdfc4388a74d9fb47d2894b204765310b5bb.jpg', 'ogriffin');
INSERT INTO posts(filename, owner) VALUES ('f806b19685a4eeeb5a191655b7964f399e882298.jpg', 'baxtercarrie');
INSERT INTO posts(filename, owner) VALUES ('e5abb86629e8b11218c70233c30c103da5b26562.jpg', 'hernandezaustin');
INSERT INTO posts(filename, owner) VALUES ('79ddfb655332dfc999240ac15d71461d3b79a2fb.jpg', 'amanda61');
INSERT INTO posts(filename, owner) VALUES ('f4e75df3e3145b5598ab08e1eb426bf13587152c.jpg', 'baxtercarrie');
INSERT INTO posts(filename, owner) VALUES ('23c462e6a80b236d48746c0feca2d23f201294be.jpg', 'amanda61');
INSERT INTO posts(filename, owner) VALUES ('3778ca6168720b6f938d55683f90e9560d12b26a.jpg', 'hernandezaustin');
INSERT INTO posts(filename, owner) VALUES ('de2700839a38a385e0558ea201b687f666bcd6e1.jpg', 'mariaroach');
INSERT INTO posts(filename, owner) VALUES ('d78347553b77bcb61532808ca25385ac458c01fe.jpg', 'cherylrojas');
INSERT INTO posts(filename, owner) VALUES ('1894fc25c34385f646018e82cc0c32513c57908a.jpg', 'ogriffin');
INSERT INTO posts(filename, owner) VALUES ('6f23c2d4efb2a7610542c552da17d20dd5e96cf6.jpg', 'mguerrero');
INSERT INTO posts(filename, owner) VALUES ('c6a44a2ab8b907ad0027db18500876bf8629502b.jpg', 'mguerrero');
INSERT INTO posts(filename, owner) VALUES ('0a8d68cde44dc5525d13ff2071ecbd79624b74f8.jpg', 'zmann');
INSERT INTO posts(filename, owner) VALUES ('087cbeb041dd5e4d32621ea9226ffe00b9763e55.jpg', 'cherylrojas');
INSERT INTO posts(filename, owner) VALUES ('68088b672cb04edac7ca2aaca6dd07bc40bdcb4d.jpg', 'haleyanthony');
INSERT INTO posts(filename, owner) VALUES ('1952daa40141f2477c434ec429a1001697bdb0d2.jpg', 'amanda61');
INSERT INTO posts(filename, owner) VALUES ('11c5a9ff7a32de70a2403e8a2a76c6a9229a8821.jpg', 'kristina61');
INSERT INTO posts(filename, owner) VALUES ('0ca3a4629a8ee9459e6745eeab2fbcdc43df1aa3.jpg', 'ellenparrish');
INSERT INTO posts(filename, owner) VALUES ('dd30b6384dbf168aa999dc159ae3c8bf32f09814.jpg', 'vstewart');
INSERT INTO posts(filename, owner) VALUES ('54a8097a7e453c4b402499b62296158de8da50ce.jpg', 'ogriffin');
INSERT INTO posts(filename, owner) VALUES ('9f3b5f97cea4f13084400c7c43b37a745b7297d3.jpg', 'mariaroach');
INSERT INTO posts(filename, owner) VALUES ('a4bd13e772d71b3ee240227e7573ecc42afb3d7a.jpg', 'ogriffin');
INSERT INTO posts(filename, owner) VALUES ('b8d427f5a773810d459bfd9965467c114e50facf.jpg', 'mariaroach');
INSERT INTO posts(filename, owner) VALUES ('3538060a88b34c375749a29002ef0a7719caf256.jpg', 'vstewart');
INSERT INTO posts(filename, owner) VALUES ('595820dca87dd0ac5d513cdc079304de47d7a0e7.jpg', 'amanda61');
INSERT INTO posts(filename, owner) VALUES ('67a22feef018f7cd259e6c4940184ce0414d6af4.jpg', 'ellenparrish');
INSERT INTO posts(filename, owner) VALUES ('6d9d1e796fecbf3f4e701f50c08077c849b70c6d.jpg', 'vstewart');
INSERT INTO posts(filename, owner) VALUES ('58e48996faca6965409c689937ea2de627a731df.jpg', 'mguerrero');
INSERT INTO posts(filename, owner) VALUES ('ef7af7bd63586c9d0eaf66d6458a3ac6beb39aa1.jpg', 'baxtercarrie');
INSERT INTO posts(filename, owner) VALUES ('0b574e603d9f331cf649b2e6fda9936496f809e2.jpg', 'amanda61');
INSERT INTO posts(filename, owner) VALUES ('f48402272364eb10a5d70253dfe28d349e566924.jpg', 'amanda61');
INSERT INTO posts(filename, owner) VALUES ('1879c7844e77655ee4ebefd41b6653e1a2ca430a.jpg', 'ellenparrish');
INSERT INTO posts(filename, owner) VALUES ('9ab6c2d1a6bcf5059119ba54107bfd59a3fc6daa.jpg', 'ogriffin');
INSERT INTO posts(filename, owner) VALUES ('adb97b0951f7146d8cc6bc1056dd4173a8381159.jpg', 'ogriffin');
INSERT INTO posts(filename, owner) VALUES ('be75a6cb19b0ca8aebf42a4fce4312c772010da1.jpg', 'ellenparrish');
INSERT INTO posts(filename, owner) VALUES ('b7c1df5089b2febb4de8406eb603ca079666e898.jpg', 'hernandezaustin');
INSERT INTO posts(filename, owner) VALUES ('b47208f2891aba1a67c6b5722d485befb0cf8254.jpg', 'haleyanthony');
INSERT INTO posts(filename, owner) VALUES ('9372381614254fd5ff9a2daa1a497f253868147f.jpg', 'amanda61');
INSERT INTO posts(filename, owner) VALUES ('1ef0102158764f9cd147e9d77b25fbf9c0d16b6b.jpg', 'mariaroach');
INSERT INTO posts(filename, owner) VALUES ('c810fd254286a2afef31211a6f9142bbed73ceae.jpg', 'mguerrero');

-- Inserting data into following
INSERT INTO following(username1, username2) VALUES ('haleyanthony', 'hernandezaustin');
INSERT INTO following(username1, username2) VALUES ('vstewart', 'zmann');
INSERT INTO following(username1, username2) VALUES ('zmann', 'hernandezaustin');
INSERT INTO following(username1, username2) VALUES ('haleyanthony', 'cherylrojas');
INSERT INTO following(username1, username2) VALUES ('zmann', 'ogriffin');
INSERT INTO following(username1, username2) VALUES ('hernandezaustin', 'amanda61');
INSERT INTO following(username1, username2) VALUES ('cherylrojas', 'ellenparrish');
INSERT INTO following(username1, username2) VALUES ('zmann', 'cherylrojas');
INSERT INTO following(username1, username2) VALUES ('zmann', 'ellenparrish');
INSERT INTO following(username1, username2) VALUES ('haleyanthony', 'kristina61');
INSERT INTO following(username1, username2) VALUES ('haleyanthony', 'ellenparrish');
INSERT INTO following(username1, username2) VALUES ('ogriffin', 'mguerrero');
INSERT INTO following(username1, username2) VALUES ('baxtercarrie', 'cherylrojas');
INSERT INTO following(username1, username2) VALUES ('baxtercarrie', 'kristina61');
INSERT INTO following(username1, username2) VALUES ('cherylrojas', 'mariaroach');
INSERT INTO following(username1, username2) VALUES ('mariaroach', 'hernandezaustin');
INSERT INTO following(username1, username2) VALUES ('amanda61', 'hernandezaustin');
INSERT INTO following(username1, username2) VALUES ('mariaroach', 'ogriffin');
INSERT INTO following(username1, username2) VALUES ('mguerrero', 'zmann');
INSERT INTO following(username1, username2) VALUES ('cherylrojas', 'haleyanthony');
INSERT INTO following(username1, username2) VALUES ('baxtercarrie', 'mariaroach');
INSERT INTO following(username1, username2) VALUES ('ogriffin', 'baxtercarrie');
INSERT INTO following(username1, username2) VALUES ('mguerrero', 'vstewart');
INSERT INTO following(username1, username2) VALUES ('hernandezaustin', 'cherylrojas');
INSERT INTO following(username1, username2) VALUES ('hernandezaustin', 'kristina61');
INSERT INTO following(username1, username2) VALUES ('amanda61', 'ellenparrish');
INSERT INTO following(username1, username2) VALUES ('vstewart', 'hernandezaustin');
INSERT INTO following(username1, username2) VALUES ('hernandezaustin', 'ogriffin');
INSERT INTO following(username1, username2) VALUES ('baxtercarrie', 'haleyanthony');
INSERT INTO following(username1, username2) VALUES ('vstewart', 'cherylrojas');
INSERT INTO following(username1, username2) VALUES ('vstewart', 'ellenparrish');
INSERT INTO following(username1, username2) VALUES ('cherylrojas', 'zmann');
INSERT INTO following(username1, username2) VALUES ('mariaroach', 'haleyanthony');
INSERT INTO following(username1, username2) VALUES ('baxtercarrie', 'mguerrero');
INSERT INTO following(username1, username2) VALUES ('ellenparrish', 'baxtercarrie');
INSERT INTO following(username1, username2) VALUES ('amanda61', 'haleyanthony');
INSERT INTO following(username1, username2) VALUES ('zmann', 'vstewart');
INSERT INTO following(username1, username2) VALUES ('cherylrojas', 'baxtercarrie');
INSERT INTO following(username1, username2) VALUES ('kristina61', 'zmann');
INSERT INTO following(username1, username2) VALUES ('cherylrojas', 'amanda61');
INSERT INTO following(username1, username2) VALUES ('haleyanthony', 'amanda61');
INSERT INTO following(username1, username2) VALUES ('kristina61', 'vstewart');
INSERT INTO following(username1, username2) VALUES ('amanda61', 'mguerrero');
INSERT INTO following(username1, username2) VALUES ('ogriffin', 'ellenparrish');
INSERT INTO following(username1, username2) VALUES ('mguerrero', 'ellenparrish');
INSERT INTO following(username1, username2) VALUES ('mguerrero', 'kristina61');
INSERT INTO following(username1, username2) VALUES ('amanda61', 'zmann');
INSERT INTO following(username1, username2) VALUES ('mariaroach', 'vstewart');
INSERT INTO following(username1, username2) VALUES ('vstewart', 'mguerrero');
INSERT INTO following(username1, username2) VALUES ('amanda61', 'vstewart');

-- Inserting data into comments
INSERT INTO comments(owner, postid, text) VALUES ('mariaroach', 13, 'Front hold security study gun.');
INSERT INTO comments(owner, postid, text) VALUES ('ellenparrish', 24, 'Wife character item specific daughter western result physical.');
INSERT INTO comments(owner, postid, text) VALUES ('hernandezaustin', 24, 'Kind without star.');
INSERT INTO comments(owner, postid, text) VALUES ('hernandezaustin', 25, 'Serious clearly operation dinner.');
INSERT INTO comments(owner, postid, text) VALUES ('ellenparrish', 44, 'Military care society skin suddenly quite medical.');
INSERT INTO comments(owner, postid, text) VALUES ('ogriffin', 5, 'Hold section idea morning anyone everything.');
INSERT INTO comments(owner, postid, text) VALUES ('amanda61', 47, 'Must your have draw series into us.');
INSERT INTO comments(owner, postid, text) VALUES ('ogriffin', 44, 'Pass blue more scene.');
INSERT INTO comments(owner, postid, text) VALUES ('mguerrero', 40, 'May window thank serve.');
INSERT INTO comments(owner, postid, text) VALUES ('ogriffin', 20, 'Tonight area agree practice party.');
INSERT INTO comments(owner, postid, text) VALUES ('hernandezaustin', 16, 'Under draw off mention religious family usually.');
INSERT INTO comments(owner, postid, text) VALUES ('baxtercarrie', 25, 'Develop outside hour despite.');
INSERT INTO comments(owner, postid, text) VALUES ('amanda61', 49, 'In low four concern.');
INSERT INTO comments(owner, postid, text) VALUES ('mariaroach', 11, 'Economic nearly teacher energy.');
INSERT INTO comments(owner, postid, text) VALUES ('haleyanthony', 37, 'Fight give rather bad report maybe rest.');
INSERT INTO comments(owner, postid, text) VALUES ('mariaroach', 16, 'Inside how message issue after.');
INSERT INTO comments(owner, postid, text) VALUES ('vstewart', 10, 'Lot travel argue society.');
INSERT INTO comments(owner, postid, text) VALUES ('amanda61', 23, 'Outside from machine.');
INSERT INTO comments(owner, postid, text) VALUES ('haleyanthony', 45, 'Team office I develop financial peace interest new.');
INSERT INTO comments(owner, postid, text) VALUES ('vstewart', 2, 'Leader executive truth collection office key weight.');
INSERT INTO comments(owner, postid, text) VALUES ('kristina61', 30, 'Reason seat medical admit wonder baby now.');
INSERT INTO comments(owner, postid, text) VALUES ('kristina61', 46, 'Such pattern the appear far while central.');
INSERT INTO comments(owner, postid, text) VALUES ('amanda61', 13, 'Own nature stock authority firm sing traditional.');
INSERT INTO comments(owner, postid, text) VALUES ('baxtercarrie', 44, 'Make discussion though.');
INSERT INTO comments(owner, postid, text) VALUES ('kristina61', 17, 'I leg realize Republican.');
INSERT INTO comments(owner, postid, text) VALUES ('hernandezaustin', 26, 'Name fast state American do maybe although language.');
INSERT INTO comments(owner, postid, text) VALUES ('baxtercarrie', 44, 'Try image need never minute car usually test.');
INSERT INTO comments(owner, postid, text) VALUES ('mariaroach', 4, 'Whose prepare for.');
INSERT INTO comments(owner, postid, text) VALUES ('ellenparrish', 48, 'Peace after forward reduce wrong significant physical.');
INSERT INTO comments(owner, postid, text) VALUES ('haleyanthony', 30, 'Worker thank cause event season necessary identify.');
INSERT INTO comments(owner, postid, text) VALUES ('vstewart', 18, 'Evening team use after on American.');
INSERT INTO comments(owner, postid, text) VALUES ('ellenparrish', 2, 'Ability eight election consider many.');
INSERT INTO comments(owner, postid, text) VALUES ('kristina61', 20, 'Role property pretty budget news long Republican amount.');
INSERT INTO comments(owner, postid, text) VALUES ('haleyanthony', 14, 'Project good opportunity land TV.');
INSERT INTO comments(owner, postid, text) VALUES ('amanda61', 49, 'Right community service stage.');
INSERT INTO comments(owner, postid, text) VALUES ('mguerrero', 32, 'Church food citizen in within national concern.');
INSERT INTO comments(owner, postid, text) VALUES ('ellenparrish', 42, 'Throw federal generation half matter quickly safe.');
INSERT INTO comments(owner, postid, text) VALUES ('cherylrojas', 9, 'Writer college area office.');
INSERT INTO comments(owner, postid, text) VALUES ('haleyanthony', 16, 'Child more government memory sense various.');
INSERT INTO comments(owner, postid, text) VALUES ('zmann', 45, 'Strategy oil green just hundred red.');
INSERT INTO comments(owner, postid, text) VALUES ('kristina61', 27, 'Check she indeed them where money modern which.');
INSERT INTO comments(owner, postid, text) VALUES ('ogriffin', 34, 'Face arm author business.');
INSERT INTO comments(owner, postid, text) VALUES ('amanda61', 50, 'Strong upon point your chair although son.');
INSERT INTO comments(owner, postid, text) VALUES ('amanda61', 33, 'Former like care summer scientist indeed father turn.');
INSERT INTO comments(owner, postid, text) VALUES ('baxtercarrie', 27, 'Teacher design like herself ground.');
INSERT INTO comments(owner, postid, text) VALUES ('ogriffin', 15, 'Anything both open.');
INSERT INTO comments(owner, postid, text) VALUES ('mguerrero', 5, 'Scientist from born medical best.');
INSERT INTO comments(owner, postid, text) VALUES ('haleyanthony', 12, 'Both positive live fight board.');
INSERT INTO comments(owner, postid, text) VALUES ('mguerrero', 18, 'World family send lose later ability.');
INSERT INTO comments(owner, postid, text) VALUES ('mguerrero', 8, 'Hotel vote can challenge audience back build newspaper.');

-- Inserting data into likes
INSERT INTO likes(owner, postid) VALUES ('baxtercarrie', 44);
INSERT INTO likes(owner, postid) VALUES ('zmann', 4);
INSERT INTO likes(owner, postid) VALUES ('ellenparrish', 25);
INSERT INTO likes(owner, postid) VALUES ('mguerrero', 3);
INSERT INTO likes(owner, postid) VALUES ('baxtercarrie', 4);
INSERT INTO likes(owner, postid) VALUES ('cherylrojas', 31);
INSERT INTO likes(owner, postid) VALUES ('hernandezaustin', 29);
INSERT INTO likes(owner, postid) VALUES ('hernandezaustin', 35);
INSERT INTO likes(owner, postid) VALUES ('amanda61', 44);
INSERT INTO likes(owner, postid) VALUES ('mariaroach', 13);
INSERT INTO likes(owner, postid) VALUES ('kristina61', 28);
INSERT INTO likes(owner, postid) VALUES ('hernandezaustin', 4);
INSERT INTO likes(owner, postid) VALUES ('mguerrero', 48);
INSERT INTO likes(owner, postid) VALUES ('mariaroach', 25);
INSERT INTO likes(owner, postid) VALUES ('haleyanthony', 3);
INSERT INTO likes(owner, postid) VALUES ('hernandezaustin', 1);
INSERT INTO likes(owner, postid) VALUES ('cherylrojas', 15);
INSERT INTO likes(owner, postid) VALUES ('vstewart', 4);
INSERT INTO likes(owner, postid) VALUES ('haleyanthony', 15);
INSERT INTO likes(owner, postid) VALUES ('kristina61', 3);
INSERT INTO likes(owner, postid) VALUES ('zmann', 18);
INSERT INTO likes(owner, postid) VALUES ('haleyanthony', 33);
INSERT INTO likes(owner, postid) VALUES ('amanda61', 43);
INSERT INTO likes(owner, postid) VALUES ('zmann', 36);
INSERT INTO likes(owner, postid) VALUES ('zmann', 33);
INSERT INTO likes(owner, postid) VALUES ('mariaroach', 3);
INSERT INTO likes(owner, postid) VALUES ('mariaroach', 18);
INSERT INTO likes(owner, postid) VALUES ('kristina61', 33);
INSERT INTO likes(owner, postid) VALUES ('ogriffin', 4);
INSERT INTO likes(owner, postid) VALUES ('cherylrojas', 5);
INSERT INTO likes(owner, postid) VALUES ('hernandezaustin', 3);
INSERT INTO likes(owner, postid) VALUES ('ellenparrish', 14);
INSERT INTO likes(owner, postid) VALUES ('amanda61', 18);
INSERT INTO likes(owner, postid) VALUES ('cherylrojas', 14);
INSERT INTO likes(owner, postid) VALUES ('vstewart', 3);
INSERT INTO likes(owner, postid) VALUES ('amanda61', 21);
INSERT INTO likes(owner, postid) VALUES ('hernandezaustin', 15);
INSERT INTO likes(owner, postid) VALUES ('mguerrero', 7);
INSERT INTO likes(owner, postid) VALUES ('zmann', 17);
INSERT INTO likes(owner, postid) VALUES ('ogriffin', 22);
INSERT INTO likes(owner, postid) VALUES ('ellenparrish', 38);
INSERT INTO likes(owner, postid) VALUES ('mguerrero', 22);
INSERT INTO likes(owner, postid) VALUES ('ogriffin', 34);
INSERT INTO likes(owner, postid) VALUES ('mguerrero', 28);
INSERT INTO likes(owner, postid) VALUES ('cherylrojas', 41);
INSERT INTO likes(owner, postid) VALUES ('ellenparrish', 50);
INSERT INTO likes(owner, postid) VALUES ('hernandezaustin', 45);
INSERT INTO likes(owner, postid) VALUES ('cherylrojas', 50);
INSERT INTO likes(owner, postid) VALUES ('mariaroach', 11);
INSERT INTO likes(owner, postid) VALUES ('vstewart', 33);
